{
  "agents": 36,
  "storage": 3933.57667,
  "traffic": 3076.67716,
  "mail_traffic": 3822.40441,
  "distributed": false,
  "nodes": 38
}