{
    "agents": 35,
    "storage": 1454.74436,
    "traffic": 2042.87818,
    "mail_traffic": 3820.99851,
    "distributed": false,
    "nodes": 40
  }

