{
    "agents": 36,
    "storage": 3270.85901,
    "traffic": 1907.3206,
    "mail_traffic": 2137.19151,
    "distributed": true,
    "nodes": 34
  }