{
    "agents": 38,
    "storage": 2899.55591,
    "traffic": 1198.05803,
    "mail_traffic": 1674.28501,
    "distributed": true,
    "nodes": 39
  }