{
    "agents": 28,
    "storage": 2466.59117,
    "traffic": 3558.07237,
    "mail_traffic": 2900.70558,
    "distributed": false,
    "nodes": 28
  }